Data,Atividade,Quantidade Processada,Acao,Quantidade em Estoque
2023-09-19 16:21:39,QUALITY,100,Passed,300
2023-09-19 16:21:44,QUALITY,100,Passed,400
2023-09-19 16:21:49,QUALITY,100,Passed,300
2023-09-19 16:21:54,QUALITY,100,Passed,400
2023-09-19 16:21:59,QUALITY,100,Passed,350
2023-09-19 16:45:57,QUALITY,100,Passed,300
2023-09-19 16:46:02,QUALITY,100,Passed,400
2023-09-19 16:46:12,QUALITY,100,Passed,400
2023-09-19 16:46:17,QUALITY,100,Passed,500
2023-09-19 16:48:34,QUALITY,100,Passed,300
2023-09-19 16:48:39,QUALITY,100,Passed,400
2023-09-19 16:48:44,QUALITY,100,Passed,300
2023-09-19 16:48:49,QUALITY,100,Passed,400
2023-09-19 16:48:54,QUALITY,100,Passed,500
2023-09-19 16:49:04,QUALITY,100,Passed,500
2023-09-19 16:49:09,QUALITY,100,Passed,550
2023-09-19 16:49:14,QUALITY,100,Passed,450
2023-09-19 16:49:24,QUALITY,100,Passed,250
2023-09-19 16:49:29,QUALITY,100,Passed,150
2023-09-19 16:49:34,QUALITY,100,Returned,50
2023-09-19 16:49:39,QUALITY,50,Returned,0
2023-09-19 16:49:54,QUALITY,100,Passed,0
2023-09-19 16:50:04,QUALITY,50,Returned,0
2023-09-19 16:50:19,QUALITY,50,Passed,0
2023-09-19 17:06:59,QUALITY,100,Passed,400
2023-09-19 17:07:04,QUALITY,100,Passed,300
2023-09-19 17:09:22,QUALITY,100,Returned,300
2023-09-19 17:09:27,QUALITY,100,Passed,400
2023-09-19 17:09:32,QUALITY,100,Passed,300
2023-09-19 17:12:33,QUALITY,100,Passed,300
2023-09-19 17:12:38,QUALITY,100,Passed,400
2023-09-19 17:12:43,QUALITY,100,Passed,300
2023-09-19 17:12:48,QUALITY,100,Passed,400
2023-09-19 17:12:53,QUALITY,100,Passed,500
2023-09-19 17:12:58,QUALITY,100,Passed,400
2023-09-19 17:13:03,QUALITY,100,Passed,500
2023-09-19 17:13:08,QUALITY,100,Passed,600
2023-09-19 17:43:00,QUALITY,100,Returned,300
2023-09-19 17:43:05,QUALITY,100,Passed,400
2023-09-19 17:43:10,QUALITY,100,Passed,300
2023-09-19 17:43:15,QUALITY,100,Passed,400
2023-09-19 17:43:20,QUALITY,100,Passed,500
2023-09-19 17:43:25,QUALITY,100,Passed,400
2023-09-19 17:43:30,QUALITY,100,Passed,500
2023-09-19 17:43:35,QUALITY,100,Passed,600
2023-09-19 17:43:40,QUALITY,100,Passed,500
2023-09-19 17:43:45,QUALITY,100,Passed,600
2023-09-19 17:43:55,QUALITY,100,Passed,600
2023-09-19 17:44:10,QUALITY,100,Passed,700
2023-09-19 17:44:20,QUALITY,100,Passed,700
2023-09-19 17:44:25,QUALITY,100,Passed,800
2023-09-19 17:44:30,QUALITY,100,Passed,700
2023-09-19 17:44:35,QUALITY,100,Passed,800
2023-09-19 17:44:40,QUALITY,100,Passed,850
2023-09-19 17:44:50,QUALITY,100,Passed,650
2023-09-19 17:44:56,QUALITY,100,Passed,550
2023-09-19 17:45:01,QUALITY,100,Passed,450
2023-09-19 17:45:06,QUALITY,100,Returned,350
2023-09-19 17:45:16,QUALITY,100,Passed,150
2023-09-19 17:45:21,QUALITY,100,Passed,150
2023-09-19 17:45:26,QUALITY,100,Passed,50
2023-09-19 17:45:31,QUALITY,50,Passed,0
2023-09-19 18:49:46,QUALITY,100,Returned,300
2023-09-19 18:49:51,QUALITY,100,Passed,400
2023-09-19 18:49:56,QUALITY,100,Passed,300
2023-09-19 18:50:01,QUALITY,100,Passed,400
2023-09-19 18:50:06,QUALITY,100,Passed,500
2023-09-19 18:50:11,QUALITY,100,Passed,400
2023-09-19 18:50:16,QUALITY,100,Passed,500
2023-09-19 18:50:21,QUALITY,100,Returned,600
2023-09-19 18:50:26,QUALITY,100,Passed,500
2023-09-19 18:50:31,QUALITY,100,Passed,600
2023-09-19 18:50:36,QUALITY,100,Passed,500
2023-09-19 18:50:41,QUALITY,100,Passed,600
2023-09-19 18:50:46,QUALITY,100,Passed,700
2023-09-19 18:50:51,QUALITY,100,Passed,600
2023-09-19 18:50:56,QUALITY,100,Passed,700
2023-09-19 19:21:01,QUALITY,100,Passed,300
2023-09-19 19:21:12,QUALITY,100,Passed,300
2023-09-19 19:21:17,QUALITY,100,Passed,400
2023-09-19 19:21:22,QUALITY,100,Passed,500
2023-09-19 19:21:27,QUALITY,100,Passed,400
2023-09-19 19:21:32,QUALITY,100,Passed,500
2023-09-19 19:21:37,QUALITY,100,Passed,600
2023-09-19 19:21:42,QUALITY,100,Passed,500
2023-09-19 19:21:47,QUALITY,100,Returned,600
2023-09-19 19:21:52,QUALITY,100,Returned,500
2023-09-19 19:22:07,QUALITY,100,Passed,600
2023-09-19 19:22:17,QUALITY,100,Passed,800
2023-09-19 19:22:22,QUALITY,100,Returned,700
2023-09-19 19:22:27,QUALITY,100,Passed,750
2023-09-19 19:22:32,QUALITY,100,Passed,650
2023-09-19 19:22:37,QUALITY,100,Passed,650
2023-09-19 19:22:42,QUALITY,100,Passed,550
2023-09-19 19:22:47,QUALITY,100,Passed,450
2023-09-19 19:22:52,QUALITY,100,Passed,350
2023-09-19 19:23:02,QUALITY,100,Passed,150
2023-09-19 19:23:07,QUALITY,100,Passed,50
2023-09-19 19:23:12,QUALITY,50,Passed,0
2023-09-19 20:00:09,QUALITY,100,Passed,300
2023-09-19 20:00:14,QUALITY,100,Passed,400
2023-09-19 20:00:29,QUALITY,100,Passed,500
2023-09-19 20:00:39,QUALITY,100,Passed,500
2023-09-19 20:00:44,QUALITY,100,Returned,550
2023-09-19 20:06:53,QUALITY,100,Passed,300
2023-09-19 20:06:58,QUALITY,100,Passed,400
2023-09-19 20:07:08,QUALITY,100,Returned,400
2023-09-19 20:07:13,QUALITY,100,Returned,500
2023-09-19 20:07:18,QUALITY,100,Passed,400
2023-09-19 20:07:23,QUALITY,100,Returned,500
2023-09-19 20:07:28,QUALITY,100,Passed,600
2023-09-19 20:07:33,QUALITY,100,Passed,500
2023-09-19 20:07:38,QUALITY,100,Passed,600
2023-09-19 20:07:43,QUALITY,100,Passed,500
2023-09-19 20:07:48,QUALITY,100,Passed,600
2023-09-19 20:07:53,QUALITY,100,Passed,700
2023-09-19 20:07:58,QUALITY,100,Passed,600
2023-09-19 20:08:03,QUALITY,100,Returned,700
2023-09-19 20:08:08,QUALITY,100,Passed,800
2023-09-19 20:08:13,QUALITY,100,Passed,700
2023-09-19 20:08:18,QUALITY,100,Passed,800
2023-09-19 20:08:23,QUALITY,100,Passed,700
2023-09-19 20:08:28,QUALITY,100,Passed,800
2023-09-19 20:08:38,QUALITY,100,Passed,800
2023-09-19 20:08:43,QUALITY,100,Passed,900
2023-09-19 20:08:53,QUALITY,100,Passed,900
2023-09-19 20:08:58,QUALITY,100,Passed,1000
2023-09-19 20:09:03,QUALITY,100,Returned,900
2023-09-19 20:09:08,QUALITY,100,Passed,1000
2023-09-19 20:09:14,QUALITY,100,Passed,1100
2023-09-19 20:09:19,QUALITY,100,Passed,1000
2023-09-19 20:09:24,QUALITY,100,Passed,1100
2023-09-19 20:09:29,QUALITY,100,Returned,1150
2023-09-19 20:09:34,QUALITY,100,Passed,1050
2023-09-19 20:09:39,QUALITY,100,Passed,950
2023-09-19 20:09:44,QUALITY,100,Passed,1050
2023-09-19 20:09:54,QUALITY,100,Passed,1050
2023-09-19 20:09:59,QUALITY,100,Passed,1150
2023-09-19 20:10:04,QUALITY,100,Passed,1050
2023-09-19 20:10:09,QUALITY,100,Passed,1150
2023-09-19 20:10:14,QUALITY,100,Passed,1250
2023-09-19 20:10:19,QUALITY,100,Passed,1150
2023-09-19 20:10:24,QUALITY,100,Returned,1250
2023-09-19 20:10:29,QUALITY,100,Passed,1150
2023-09-19 20:10:39,QUALITY,100,Passed,1350
2023-09-19 20:10:44,QUALITY,100,Passed,1250
2023-09-19 20:10:49,QUALITY,100,Passed,1250
2023-09-19 20:10:54,QUALITY,100,Passed,1150
2023-09-19 20:10:59,QUALITY,100,Passed,1050
2023-09-19 20:11:09,QUALITY,100,Passed,850
2023-09-19 20:11:14,QUALITY,100,Passed,750
2023-09-19 20:11:19,QUALITY,100,Passed,650
2023-09-19 20:11:24,QUALITY,100,Returned,700
2023-09-19 20:11:29,QUALITY,100,Passed,600
2023-09-19 20:11:34,QUALITY,100,Passed,700
2023-09-19 20:11:39,QUALITY,100,Passed,600
2023-09-19 20:11:44,QUALITY,100,Passed,700
2023-09-19 20:11:54,QUALITY,100,Passed,700
2023-09-19 20:11:59,QUALITY,100,Passed,800
2023-09-19 20:12:04,QUALITY,100,Passed,900
2023-09-19 20:12:09,QUALITY,100,Returned,800
2023-09-19 20:12:14,QUALITY,100,Passed,900
2023-09-19 20:12:19,QUALITY,100,Passed,800
2023-09-19 20:12:24,QUALITY,100,Passed,900
2023-09-19 20:12:29,QUALITY,100,Passed,950
2023-09-19 20:12:34,QUALITY,100,Passed,850
2023-09-19 20:12:39,QUALITY,100,Passed,750
2023-09-19 20:12:44,QUALITY,100,Passed,650
2023-09-19 20:12:49,QUALITY,100,Returned,550
2023-09-19 20:12:54,QUALITY,100,Returned,450
2023-09-19 20:12:59,QUALITY,100,Passed,350
2023-09-19 20:13:04,QUALITY,100,Passed,450
2023-09-19 20:13:09,QUALITY,100,Passed,550
2023-09-19 20:13:14,QUALITY,100,Passed,450
2023-09-19 20:13:19,QUALITY,100,Returned,550
2023-09-19 20:13:24,QUALITY,100,Passed,450
2023-09-19 20:13:29,QUALITY,100,Passed,550
2023-09-19 20:13:34,QUALITY,100,Passed,650
2023-09-19 20:13:39,QUALITY,100,Passed,550
2023-09-19 20:13:44,QUALITY,100,Passed,650
2023-09-19 20:13:49,QUALITY,100,Passed,650
2023-09-19 20:13:54,QUALITY,100,Passed,550
2023-09-19 20:14:04,QUALITY,100,Passed,350
2023-09-19 20:14:09,QUALITY,100,Passed,250
2023-09-19 20:14:14,QUALITY,100,Passed,150
2023-09-19 20:14:19,QUALITY,100,Passed,50
2023-09-19 20:14:24,QUALITY,50,Passed,0
2023-09-19 20:14:49,QUALITY,100,Passed,50
2023-09-19 20:14:54,QUALITY,50,Returned,200
2023-09-19 20:14:59,QUALITY,100,Passed,300
2023-09-19 20:15:04,QUALITY,100,Passed,200
2023-09-19 20:15:09,QUALITY,100,Passed,300
2023-09-19 20:15:14,QUALITY,100,Passed,400
2023-09-19 20:15:19,QUALITY,100,Passed,300
2023-09-19 20:15:25,QUALITY,100,Returned,400
2023-09-19 20:15:30,QUALITY,100,Passed,300
2023-09-19 20:15:35,QUALITY,100,Returned,400
2023-09-19 20:15:40,QUALITY,100,Passed,500
2023-09-19 20:15:45,QUALITY,100,Passed,400
2023-09-19 20:15:50,QUALITY,100,Passed,500
2023-09-19 20:15:55,QUALITY,100,Passed,600
2023-09-19 20:16:00,QUALITY,100,Passed,500
2023-09-19 20:16:05,QUALITY,100,Passed,600
2023-09-19 20:16:10,QUALITY,100,Passed,500
2023-09-19 20:16:15,QUALITY,100,Passed,600
2023-09-19 20:16:20,QUALITY,100,Passed,700
2023-09-19 20:16:25,QUALITY,100,Passed,600
2023-09-19 20:16:30,QUALITY,100,Passed,700
2023-09-19 20:16:35,QUALITY,100,Passed,800
2023-09-19 20:16:40,QUALITY,100,Passed,700
2023-09-19 20:16:45,QUALITY,100,Passed,800
2023-09-19 20:16:50,QUALITY,100,Passed,700
2023-09-19 20:16:55,QUALITY,100,Passed,800
2023-09-19 20:17:00,QUALITY,100,Passed,900
2023-09-19 20:17:05,QUALITY,100,Passed,800
2023-09-19 20:17:10,QUALITY,100,Passed,900
2023-09-19 20:17:15,QUALITY,100,Passed,800
2023-09-19 20:17:20,QUALITY,100,Passed,700
2023-09-19 20:17:25,QUALITY,100,Passed,600
2023-09-19 20:17:35,QUALITY,100,Passed,400
2023-09-19 20:17:40,QUALITY,100,Passed,300
2023-09-19 20:17:45,QUALITY,100,Passed,200
2023-09-19 20:17:50,QUALITY,100,Passed,100
2023-09-19 20:17:55,QUALITY,100,Passed,0
2023-09-19 20:18:10,QUALITY,100,Returned,50
2023-09-19 20:18:15,QUALITY,50,Passed,200
2023-09-19 20:18:20,QUALITY,100,Passed,100
2023-09-19 20:18:25,QUALITY,100,Passed,200
2023-09-19 20:18:45,QUALITY,100,Passed,400
2023-09-19 20:18:50,QUALITY,100,Passed,300
2023-09-19 20:18:55,QUALITY,100,Returned,400
2023-09-19 20:19:00,QUALITY,100,Passed,300
2023-09-19 20:19:05,QUALITY,100,Passed,400
2023-09-19 20:19:10,QUALITY,100,Passed,500
2023-09-19 20:19:15,QUALITY,100,Returned,400
2023-09-19 20:19:20,QUALITY,100,Passed,500
2023-09-19 20:19:25,QUALITY,100,Passed,600
2023-09-19 20:19:30,QUALITY,100,Passed,500
2023-09-19 20:19:35,QUALITY,100,Passed,600
2023-09-19 20:19:40,QUALITY,100,Returned,500
2023-09-19 20:19:45,QUALITY,100,Passed,600
2023-09-19 20:19:50,QUALITY,100,Passed,700
2023-09-19 20:19:55,QUALITY,100,Passed,600
2023-09-19 20:20:00,QUALITY,100,Passed,700
2023-09-19 20:20:05,QUALITY,100,Passed,800
2023-09-19 20:20:10,QUALITY,100,Passed,700
2023-09-19 20:20:15,QUALITY,100,Passed,800
2023-09-19 20:20:20,QUALITY,100,Passed,700
2023-09-19 20:20:25,QUALITY,100,Passed,800
2023-09-19 20:20:30,QUALITY,100,Passed,900
2023-09-19 20:20:35,QUALITY,100,Passed,800
2023-09-19 20:20:40,QUALITY,100,Passed,900
2023-09-19 20:20:45,QUALITY,100,Passed,1000
2023-09-19 20:20:50,QUALITY,100,Passed,900
2023-09-19 20:21:05,QUALITY,100,Passed,1000
2023-09-19 20:21:10,QUALITY,100,Passed,1100
2023-09-19 20:21:15,QUALITY,100,Passed,1000
2023-09-19 20:21:20,QUALITY,100,Returned,1100
2023-09-19 20:21:25,QUALITY,100,Passed,1200
2023-09-19 20:21:30,QUALITY,100,Passed,1100
2023-09-19 20:21:35,QUALITY,100,Passed,1200
2023-09-19 20:21:40,QUALITY,100,Passed,1100
2023-09-19 20:21:45,QUALITY,100,Passed,1200
2023-09-19 20:21:50,QUALITY,100,Passed,1300
2023-09-19 20:22:00,QUALITY,100,Passed,1300
2023-09-19 20:22:05,QUALITY,100,Passed,1400
2023-09-19 20:22:10,QUALITY,100,Passed,1300
2023-09-19 20:22:16,QUALITY,100,Passed,1400
2023-09-19 20:22:21,QUALITY,100,Passed,1300
2023-09-19 20:22:26,QUALITY,100,Passed,1400
2023-09-19 20:22:31,QUALITY,100,Passed,1500
2023-09-19 20:22:41,QUALITY,100,Passed,1500
2023-09-19 20:22:46,QUALITY,100,Returned,1450
2023-09-19 20:22:51,QUALITY,100,Returned,1350
2023-09-19 20:23:01,QUALITY,100,Returned,1250
2023-09-19 20:23:06,QUALITY,100,Passed,1150
2023-09-19 20:23:11,QUALITY,100,Passed,1250
2023-09-19 20:23:16,QUALITY,100,Passed,1350
2023-09-19 20:23:21,QUALITY,100,Passed,1250
2023-09-19 20:23:26,QUALITY,100,Passed,1350
2023-09-19 20:23:31,QUALITY,100,Passed,1450
2023-09-19 20:23:36,QUALITY,100,Passed,1350
2023-09-19 20:23:41,QUALITY,100,Passed,1450
2023-09-19 20:23:51,QUALITY,100,Passed,1450
2023-09-19 20:23:56,QUALITY,100,Passed,1550
2023-09-19 20:24:01,QUALITY,100,Passed,1450
2023-09-19 20:24:06,QUALITY,100,Passed,1550
2023-09-19 20:24:11,QUALITY,100,Passed,1650
2023-09-19 20:24:16,QUALITY,100,Passed,1550
2023-09-19 20:24:21,QUALITY,100,Passed,1650
2023-09-19 20:24:31,QUALITY,100,Passed,1650
2023-09-19 20:24:36,QUALITY,100,Passed,1550
2023-09-19 20:24:41,QUALITY,100,Passed,1450
2023-09-19 20:24:46,QUALITY,100,Passed,1500
2023-09-19 20:24:51,QUALITY,100,Passed,1400
2023-09-19 20:24:56,QUALITY,100,Returned,1500
2023-09-19 20:25:01,QUALITY,100,Returned,1600
2023-09-19 20:25:06,QUALITY,100,Passed,1500
2023-09-19 20:25:11,QUALITY,100,Passed,1600
2023-09-19 20:25:16,QUALITY,100,Passed,1700
2023-09-19 20:25:21,QUALITY,100,Passed,1600
2023-09-19 20:25:36,QUALITY,100,Passed,1550
2023-09-19 20:25:41,QUALITY,100,Passed,1450
2023-09-19 20:25:46,QUALITY,100,Passed,1350
2023-09-19 20:25:51,QUALITY,100,Passed,1250
2023-09-19 20:25:56,QUALITY,100,Passed,1150
2023-09-19 20:26:01,QUALITY,100,Passed,1050
2023-09-19 20:26:06,QUALITY,100,Passed,950
2023-09-19 20:26:11,QUALITY,100,Passed,850
2023-09-19 20:26:16,QUALITY,100,Passed,750
2023-09-19 20:26:21,QUALITY,100,Passed,650
2023-09-19 20:26:26,QUALITY,100,Passed,700
2023-09-19 20:26:31,QUALITY,100,Returned,600
2023-09-19 20:26:36,QUALITY,100,Returned,700
2023-09-19 20:26:41,QUALITY,100,Passed,800
2023-09-19 20:26:46,QUALITY,100,Passed,700
2023-09-19 20:26:51,QUALITY,100,Passed,800
2023-09-19 20:26:56,QUALITY,100,Passed,700
2023-09-19 20:27:01,QUALITY,100,Passed,800
2023-09-19 20:27:06,QUALITY,100,Passed,900
2023-09-19 20:27:11,QUALITY,100,Passed,800
2023-09-19 20:27:16,QUALITY,100,Passed,900
2023-09-19 20:27:21,QUALITY,100,Passed,1000
2023-09-19 20:27:26,QUALITY,100,Passed,900
2023-09-19 20:27:32,QUALITY,100,Passed,950
2023-09-19 20:27:42,QUALITY,100,Returned,750
2023-09-19 20:27:52,QUALITY,100,Passed,550
2023-09-19 20:27:57,QUALITY,100,Passed,550
2023-09-19 20:28:02,QUALITY,100,Passed,450
2023-09-19 20:28:07,QUALITY,100,Passed,500
2023-09-19 20:28:12,QUALITY,100,Passed,400
2023-09-19 20:28:17,QUALITY,100,Returned,500
2023-09-19 20:28:22,QUALITY,100,Passed,600
2023-09-19 20:28:27,QUALITY,100,Passed,500
2023-09-19 20:28:32,QUALITY,100,Passed,600
2023-09-19 20:28:37,QUALITY,100,Passed,500
2023-09-19 20:28:42,QUALITY,100,Passed,600
2023-09-19 20:28:47,QUALITY,100,Passed,700
2023-09-19 20:28:52,QUALITY,100,Passed,600
2023-09-19 20:28:57,QUALITY,100,Passed,700
2023-09-19 20:29:02,QUALITY,100,Passed,800
2023-09-19 20:29:07,QUALITY,100,Passed,700
2023-09-19 20:29:12,QUALITY,100,Passed,800
2023-09-19 20:29:27,QUALITY,100,Passed,900
2023-09-19 20:29:32,QUALITY,100,Passed,800
2023-09-19 20:29:37,QUALITY,100,Passed,900
2023-09-19 20:29:47,QUALITY,100,Passed,900
2023-09-19 20:29:52,QUALITY,100,Returned,1000
2023-09-19 20:29:57,QUALITY,100,Passed,900
2023-09-19 20:30:02,QUALITY,100,Passed,1000
2023-09-19 20:30:07,QUALITY,100,Passed,1100
2023-09-19 20:30:12,QUALITY,100,Passed,1000
2023-09-19 20:30:17,QUALITY,100,Passed,1100
2023-09-19 20:30:22,QUALITY,100,Passed,1200
2023-09-19 20:30:27,QUALITY,100,Passed,1100
2023-09-19 20:30:32,QUALITY,100,Passed,1200
2023-09-19 20:30:37,QUALITY,100,Passed,1100
2023-09-19 20:30:42,QUALITY,100,Passed,1200
2023-09-19 20:30:47,QUALITY,100,Passed,1300
2023-09-19 20:30:52,QUALITY,100,Passed,1200
2023-09-19 20:30:57,QUALITY,100,Passed,1300
2023-09-19 20:31:02,QUALITY,100,Passed,1400
2023-09-19 20:31:07,QUALITY,100,Passed,1300
2023-09-19 20:31:12,QUALITY,100,Passed,1400
2023-09-19 20:31:17,QUALITY,100,Passed,1300
2023-09-19 20:31:22,QUALITY,100,Returned,1400
2023-09-19 20:31:32,QUALITY,100,Passed,1400
2023-09-19 20:31:37,QUALITY,100,Passed,1500
2023-09-19 20:31:42,QUALITY,100,Passed,1600
2023-09-19 20:31:47,QUALITY,100,Returned,1500
2023-09-19 20:31:52,QUALITY,100,Passed,1600
2023-09-19 20:31:57,QUALITY,100,Passed,1500
2023-09-19 20:32:02,QUALITY,100,Passed,1600
2023-09-19 20:32:07,QUALITY,100,Returned,1700
2023-09-19 20:32:12,QUALITY,100,Passed,1600
2023-09-19 20:32:22,QUALITY,100,Passed,1800
2023-09-19 20:32:27,QUALITY,100,Passed,1700
2023-09-19 20:32:33,QUALITY,100,Returned,1800
2023-09-19 20:32:38,QUALITY,100,Passed,1700
2023-09-19 20:32:43,QUALITY,100,Passed,1800
2023-09-19 20:32:48,QUALITY,100,Passed,1850
2023-09-19 20:32:53,QUALITY,100,Passed,1750
2023-09-19 20:32:58,QUALITY,100,Passed,1650
2023-09-19 20:33:03,QUALITY,100,Passed,1550
2023-09-19 20:33:08,QUALITY,100,Returned,1600
2023-09-19 20:33:13,QUALITY,100,Passed,1650
2023-09-19 20:33:18,QUALITY,100,Passed,1550
2023-09-19 20:33:23,QUALITY,100,Passed,1650
2023-09-19 20:33:28,QUALITY,100,Passed,1550
2023-09-19 20:33:33,QUALITY,100,Passed,1650
2023-09-19 20:33:38,QUALITY,100,Passed,1750
2023-09-19 20:33:43,QUALITY,100,Returned,1650
2023-09-19 20:33:53,QUALITY,100,Passed,1850
2023-09-19 20:33:58,QUALITY,100,Passed,1750
2023-09-19 20:34:03,QUALITY,100,Passed,1850
2023-09-19 20:34:08,QUALITY,100,Passed,1750
2023-09-19 20:34:13,QUALITY,100,Passed,1850
2023-09-19 20:34:18,QUALITY,100,Passed,1950
2023-09-19 20:34:23,QUALITY,100,Passed,1850
2023-09-19 20:34:28,QUALITY,100,Passed,1950
2023-09-19 20:34:33,QUALITY,100,Passed,2050
2023-09-19 20:34:38,QUALITY,100,Passed,1950
2023-09-19 20:34:43,QUALITY,100,Passed,2050
2023-09-19 20:34:48,QUALITY,100,Passed,1950
2023-09-19 20:34:53,QUALITY,100,Passed,2050
2023-09-19 20:34:58,QUALITY,100,Passed,2150
2023-09-19 20:35:03,QUALITY,100,Passed,2050
2023-09-19 20:35:08,QUALITY,100,Passed,2150
2023-09-19 20:35:13,QUALITY,100,Passed,2250
2023-09-19 21:08:27,QUALITY,100,Passed,300
2023-09-19 21:08:32,QUALITY,100,Passed,400
2023-09-19 21:08:37,QUALITY,100,Passed,300
2023-09-19 21:08:42,QUALITY,100,Returned,400
2023-09-19 21:08:47,QUALITY,100,Passed,500
2023-09-19 21:08:52,QUALITY,100,Passed,400
2023-09-19 21:08:57,QUALITY,100,Passed,500
2023-09-19 21:09:02,QUALITY,100,Passed,600
2023-09-19 21:09:07,QUALITY,100,Passed,500
2023-09-19 21:09:12,QUALITY,100,Passed,600
2023-09-19 21:09:17,QUALITY,100,Passed,500
2023-09-19 21:09:22,QUALITY,100,Passed,600
2023-09-19 21:09:27,QUALITY,100,Passed,650
2023-09-19 21:11:16,QUALITY,100,Passed,300
2023-09-19 21:11:21,QUALITY,100,Passed,400
2023-09-19 21:11:26,QUALITY,100,Passed,300
2023-09-19 21:11:31,QUALITY,100,Passed,400
2023-09-19 21:11:36,QUALITY,100,Passed,500
2023-09-19 21:11:41,QUALITY,100,Passed,400
2023-09-19 21:11:46,QUALITY,100,Passed,500
2023-09-19 21:11:51,QUALITY,100,Returned,600
2023-09-19 21:11:56,QUALITY,100,Passed,500
2023-09-19 21:12:01,QUALITY,100,Passed,600
2023-09-19 21:12:06,QUALITY,100,Passed,500
2023-09-19 21:12:11,QUALITY,100,Passed,600
2023-09-19 21:12:16,QUALITY,100,Passed,700
2023-09-19 21:12:21,QUALITY,100,Passed,600
2023-09-19 21:12:26,QUALITY,100,Returned,700
2023-09-19 21:12:36,QUALITY,100,Passed,700
2023-09-19 21:12:41,QUALITY,100,Passed,800
2023-09-19 21:12:46,QUALITY,100,Passed,700
2023-09-19 21:12:56,QUALITY,100,Passed,900
2023-09-19 21:13:01,QUALITY,100,Passed,800
2023-09-19 21:13:07,QUALITY,100,Passed,900
2023-09-19 21:13:12,QUALITY,100,Passed,1000
2023-09-19 21:13:17,QUALITY,100,Returned,900
2023-09-19 21:13:27,QUALITY,100,Returned,900
2023-09-19 21:13:37,QUALITY,100,Passed,1100
2023-09-19 21:13:42,QUALITY,100,Passed,1000
2023-09-19 21:13:47,QUALITY,100,Passed,1100
2023-09-19 21:13:52,QUALITY,100,Passed,1200
2023-09-19 21:13:57,QUALITY,100,Passed,1100
2023-09-19 21:14:02,QUALITY,100,Passed,1200
2023-09-19 21:14:07,QUALITY,100,Returned,1100
2023-09-19 21:14:12,QUALITY,100,Returned,1200
2023-09-19 21:14:17,QUALITY,100,Passed,1300
2023-09-19 21:14:22,QUALITY,100,Passed,1200
2023-09-19 21:14:27,QUALITY,100,Passed,1300
2023-09-19 21:14:32,QUALITY,100,Passed,1400
2023-09-19 21:14:37,QUALITY,100,Passed,1300
2023-09-19 21:14:42,QUALITY,100,Passed,1400
2023-09-19 21:14:47,QUALITY,100,Passed,1300
2023-09-19 21:14:52,QUALITY,100,Passed,1400
2023-09-19 21:14:57,QUALITY,100,Passed,1500
2023-09-19 21:15:02,QUALITY,100,Passed,1400
2023-09-19 21:15:07,QUALITY,100,Passed,1500
2023-09-19 21:15:12,QUALITY,100,Passed,1600
2023-09-19 21:15:17,QUALITY,100,Passed,1500
2023-09-19 21:15:22,QUALITY,100,Returned,1600
2023-09-19 21:15:27,QUALITY,100,Passed,1500
2023-09-19 21:15:32,QUALITY,100,Returned,1600
2023-09-19 21:15:37,QUALITY,100,Passed,1700
2023-09-19 21:15:42,QUALITY,100,Passed,1600
2023-09-19 21:15:47,QUALITY,100,Passed,1700
2023-09-19 21:15:52,QUALITY,100,Passed,1800
2023-09-19 21:15:57,QUALITY,100,Passed,1700
2023-09-19 21:16:02,QUALITY,100,Passed,1800
2023-09-19 21:16:07,QUALITY,100,Returned,1700
2023-09-19 21:16:12,QUALITY,100,Passed,1800
2023-09-19 21:16:17,QUALITY,100,Passed,1900
2023-09-19 21:16:22,QUALITY,100,Passed,1800
2023-09-19 21:16:27,QUALITY,100,Passed,1900
2023-09-19 21:16:33,QUALITY,100,Passed,2000
2023-09-19 21:16:38,QUALITY,100,Passed,1900
2023-09-19 21:16:43,QUALITY,100,Passed,2000
2023-09-19 21:16:48,QUALITY,100,Passed,1900
2023-09-19 21:16:53,QUALITY,100,Passed,2000
2023-09-19 21:16:58,QUALITY,100,Returned,2100
2023-09-19 21:17:03,QUALITY,100,Passed,2000
2023-09-19 21:17:08,QUALITY,100,Passed,2100
2023-09-19 21:17:13,QUALITY,100,Passed,2200
2023-09-19 21:17:18,QUALITY,100,Passed,2100
2023-09-19 21:17:23,QUALITY,100,Passed,2200
2023-09-19 21:17:33,QUALITY,100,Passed,2200
2023-09-19 21:17:38,QUALITY,100,Returned,2300
2023-09-19 21:17:43,QUALITY,100,Passed,2200
2023-09-19 21:17:48,QUALITY,100,Passed,2300
2023-09-19 21:17:53,QUALITY,100,Passed,2400
2023-09-19 21:18:03,QUALITY,100,Returned,2400
2023-09-19 21:18:13,QUALITY,100,Passed,2400
2023-09-19 21:18:18,QUALITY,100,Passed,2500
2023-09-19 21:18:23,QUALITY,100,Passed,2400
2023-09-19 21:18:28,QUALITY,100,Passed,2500
2023-09-19 21:18:38,QUALITY,100,Returned,2500
2023-09-19 21:18:43,QUALITY,100,Returned,2600
2023-09-19 21:18:53,QUALITY,100,Passed,2600
2023-09-19 21:18:58,QUALITY,100,Passed,2700
2023-09-19 21:19:03,QUALITY,100,Passed,2600
2023-09-19 21:19:08,QUALITY,100,Passed,2700
2023-09-19 21:19:13,QUALITY,100,Passed,2800
2023-09-19 21:19:18,QUALITY,100,Passed,2700
2023-09-19 21:19:33,QUALITY,100,Passed,3150
2023-09-19 21:19:38,QUALITY,100,Passed,3250
2023-09-19 21:19:43,QUALITY,100,Passed,3150
2023-09-19 21:19:48,QUALITY,100,Passed,3250
2023-09-19 21:19:53,QUALITY,100,Passed,3350
2023-09-19 21:19:58,QUALITY,100,Passed,3250
2023-09-19 21:20:03,QUALITY,100,Passed,3350
2023-09-19 21:20:13,QUALITY,100,Passed,3350
2023-09-19 21:20:23,QUALITY,100,Passed,3350
2023-09-19 21:20:28,QUALITY,100,Returned,3450
2023-09-19 21:20:34,QUALITY,100,Passed,3550
2023-09-19 21:20:39,QUALITY,100,Returned,3450
2023-09-19 21:20:44,QUALITY,100,Passed,3550
2023-09-19 21:20:49,QUALITY,100,Passed,3650
2023-09-19 21:20:54,QUALITY,100,Passed,3550
2023-09-19 21:20:59,QUALITY,100,Passed,3650
2023-09-19 21:21:09,QUALITY,100,Passed,3650
2023-09-19 21:21:14,QUALITY,100,Returned,3750
2023-09-19 21:21:19,QUALITY,100,Passed,3650
2023-09-19 21:21:24,QUALITY,100,Passed,3750
2023-09-19 21:21:29,QUALITY,100,Passed,3850
2023-09-19 21:21:39,QUALITY,100,Passed,3850
2023-09-19 21:21:44,QUALITY,100,Passed,3750
2023-09-19 21:21:49,QUALITY,100,Passed,3850
2023-09-19 21:21:54,QUALITY,100,Passed,3950
2023-09-19 21:21:59,QUALITY,100,Returned,3850
2023-09-19 21:22:04,QUALITY,100,Passed,3950
2023-09-19 21:22:09,QUALITY,100,Passed,4050
2023-09-19 21:22:14,QUALITY,100,Passed,3950
2023-09-19 21:22:19,QUALITY,100,Passed,4050
2023-09-19 21:22:24,QUALITY,100,Passed,3950
2023-09-19 21:22:29,QUALITY,100,Passed,4050
2023-09-19 21:22:34,QUALITY,100,Passed,4150
2023-09-19 21:22:39,QUALITY,100,Passed,4050
2023-09-19 21:22:44,QUALITY,100,Passed,4150
2023-09-19 21:22:49,QUALITY,100,Passed,4250
2023-09-19 21:22:54,QUALITY,100,Passed,4150
2023-09-19 21:22:59,QUALITY,100,Passed,4250
2023-09-19 21:23:04,QUALITY,100,Passed,4150
2023-09-19 21:23:09,QUALITY,100,Passed,4250
2023-09-19 21:23:19,QUALITY,100,Passed,4250
2023-09-19 21:23:24,QUALITY,100,Returned,4350
2023-09-19 21:23:34,QUALITY,100,Passed,4350
2023-09-19 21:23:49,QUALITY,100,Passed,4450
2023-09-19 21:23:54,QUALITY,100,Passed,4550
2023-09-19 21:23:59,QUALITY,100,Passed,4450
2023-09-19 21:24:04,QUALITY,100,Passed,4550
